Name,Sequence,Start,Window Size,Sub-Sequence,Charge,Mean Hydrophobicity,Mean Hydrophobic Moment,Mean Electrostatic Moment,Alignment,Discrimination Factor,No. Polar AA,No. Apolar AA,No. Charged AA,No. Aromatic AA,Combined Magnitude,Helix Score
Unnamed,SFDINWSTLESDNRLNDLIRK,1,11,SFDINWSTLES,-2,-0.06363636363636363,0.11147869374726742,0.17905595509312874,0.5820030077535154,-0.5547641131025796,7,4,2,2,0.16432435207815294,1.002727272727273
Unnamed,SFDINWSTLESDNRLNDLIRK,2,11,FDINWSTLESD,-3,-0.10545454545454545,0.07882897971422367,0.09090909090909081,0.13044356012179717,-0.9155854431497729,7,4,3,2,0.10441455685022712,1.0199999999999998
Unnamed,SFDINWSTLESDNRLNDLIRK,3,11,DINWSTLESDN,-3,-0.21909090909090906,0.05587389602446558,0.09090909090909088,0.8770324980680365,-0.9372550421529044,8,3,3,1,0.0827449578470955,0.9845454545454547
Unnamed,SFDINWSTLESDNRLNDLIRK,4,11,INWSTLESDNR,-1,-0.3172727272727273,0.12595872397807123,0.07994411287016524,0.9938197548567645,-0.21109496456470078,8,3,3,1,0.14528659268245375,0.9672727272727273
Unnamed,SFDINWSTLESDNRLNDLIRK,5,11,NWSTLESDNRL,-1,-0.3354545454545454,0.1427896540273738,0.07994411287016515,0.9646865082575449,-0.19520656659815913,8,3,3,1,0.16117499064899538,0.9981818181818182
Unnamed,SFDINWSTLESDNRLNDLIRK,1,12,SFDINWSTLESD,-3,-0.11833333333333333,0.07268070113995788,0.0833333333333333,-0.16841923806743783,-0.9213894181238798,8,4,3,2,0.09611058187612023,1.0008333333333335
Unnamed,SFDINWSTLESDNRLNDLIRK,2,12,FDINWSTLESDN,-3,-0.15,0.0441655851049861,0.08333333333333325,0.8172088049855756,-0.9483076876608931,8,4,3,2,0.06919231233910685,0.9958333333333332
Unnamed,SFDINWSTLESDNRLNDLIRK,3,12,DINWSTLESDNR,-2,-0.35083333333333333,0.17521798062528135,0.15661543679765136,0.9973210428910012,-0.4945942262897345,9,3,4,1,0.21708886785349052,0.9683333333333334
Unnamed,SFDINWSTLESDNRLNDLIRK,4,12,INWSTLESDNRL,-1,-0.24666666666666667,0.139175369252251,0.07328210346431814,0.983161842781182,-0.1986184514258751,8,4,3,1,0.1555646427173499,0.9983333333333334
Unnamed,SFDINWSTLESDNRLNDLIRK,5,12,NWSTLESDNRLN,-1,-0.3608333333333333,0.08541283319499937,0.07328210346431806,0.9999974032127571,-0.2493702854639206,9,3,3,1,0.10481280867930437,0.9758333333333334
Unnamed,SFDINWSTLESDNRLNDLIRK,1,13,SFDINWSTLESDN,-3,-0.15846153846153846,0.02700745145336956,0.0769230769230769,0.4930549817975562,-0.9645049658280191,9,4,3,2,0.05087964955659624,0.9800000000000002
Unnamed,SFDINWSTLESDNRLNDLIRK,2,13,FDINWSTLESDNR,-2,-0.2769230769230769,0.17911898701992424,0.14456809550552435,0.9460442490784161,-0.49091167625319154,9,4,4,2,0.2167957952636315,0.9799999999999999
Unnamed,SFDINWSTLESDNRLNDLIRK,3,13,DINWSTLESDNRL,-2,-0.28307692307692306,0.1832013839803543,0.14456809550552435,0.991755587265827,-0.4870578935225456,9,4,4,1,0.22064957799427748,0.996923076923077
Unnamed,SFDINWSTLESDNRLNDLIRK,4,13,INWSTLESDNRLN,-1,-0.27692307692307694,0.10434139426841224,0.06764501858244752,0.849072644602855,-0.23150172381061887,9,4,3,1,0.12082113232158884,0.9776923076923077
Unnamed,SFDINWSTLESDNRLNDLIRK,5,13,NWSTLESDNRLND,-2,-0.38846153846153836,0.12633655995697457,0.1358866295312893,0.9961092182122429,-0.540738287400616,10,3,4,1,0.16410430034470946,0.9761538461538463
Unnamed,SFDINWSTLESDNRLNDLIRK,1,14,SFDINWSTLESDNR,-2,-0.27571428571428575,0.15232041140591887,0.1342418029694155,0.9184531470490568,-0.5162095316328126,10,4,4,2,0.18809026334709453,0.9664285714285715
Unnamed,SFDINWSTLESDNRLNDLIRK,2,14,FDINWSTLESDNRL,-2,-0.21928571428571425,0.17753868795528768,0.13424180296941549,0.9929056537500355,-0.4924034785702085,9,5,4,2,0.21189631640969867,1.0057142857142856
Unnamed,SFDINWSTLESDNRLNDLIRK,3,14,DINWSTLESDNRLN,-2,-0.30857142857142855,0.14315670872473601,0.13424180296941546,0.9338989035776307,-0.5248600669638492,10,4,4,1,0.1794397280160579,0.977857142857143
Unnamed,SFDINWSTLESDNRLNDLIRK,4,14,INWSTLESDNRLND,-2,-0.3085714285714286,0.147980558684007,0.12618044170762585,0.9729313709833864,-0.5203063526022974,10,4,4,1,0.18133319316121913,0.977857142857143
Unnamed,SFDINWSTLESDNRLNDLIRK,5,14,NWSTLESDNRLNDL,-2,-0.3228571428571428,0.11440744404049864,0.1261804417076258,0.9715685701757019,-0.5519993728257693,10,4,4,1,0.14964017293774723,1.0021428571428572
Unnamed,SFDINWSTLESDNRLNDLIRK,1,15,SFDINWSTLESDNRL,-2,-0.222,0.15043877341007353,0.12529234943812115,0.9853790600276768,-0.5179857979008906,10,5,4,2,0.1833606774136894,0.9913333333333334
Unnamed,SFDINWSTLESDNRLNDLIRK,2,15,FDINWSTLESDNRLN,-2,-0.2473333333333333,0.13206864745397848,0.12529234943812112,0.9982888611093218,-0.5353271968034443,10,5,4,2,0.16601927851113565,0.9873333333333333
Unnamed,SFDINWSTLESDNRLNDLIRK,3,15,DINWSTLESDNRLND,-3,-0.33599999999999997,0.1796683356088878,0.18149348476594923,0.9770654215456194,-0.8203930911852099,11,4,5,1,0.22949975878755335,0.9780000000000001
Unnamed,SFDINWSTLESDNRLNDLIRK,4,15,INWSTLESDNRLNDL,-2,-0.25266666666666665,0.14534069087841753,0.11776841226045079,0.8879501434274687,-0.5227983878107739,10,5,4,1,0.1760651882351749,1.002
Unnamed,SFDINWSTLESDNRLNDLIRK,5,15,NWSTLESDNRLNDLI,-2,-0.2526666666666666,0.1542985443751091,0.11776841226045073,0.9876811260200555,-0.514342174109897,10,5,4,1,0.1845214019360517,1.002
Unnamed,SFDINWSTLESDNRLNDLIRK,1,16,SFDINWSTLESDNRLN,-2,-0.248125,0.10834554891845449,0.11746157759823857,0.9998794543964422,-0.557721801820979,11,5,4,2,0.14104051878643975,0.9750000000000001
Unnamed,SFDINWSTLESDNRLNDLIRK,2,16,FDINWSTLESDNRLND,-3,-0.276875,0.16215884111089665,0.17015014196807737,0.9999096254823328,-0.8369220539913136,11,5,5,2,0.20922749285815195,0.986875
Unnamed,SFDINWSTLESDNRLNDLIRK,3,16,DINWSTLESDNRLNDL,-3,-0.28187499999999993,0.16935522213334175,0.1701501419680774,0.9167422771854782,-0.8301286703061254,11,5,5,1,0.21602087654334015,1.000625
Unnamed,SFDINWSTLESDNRLNDLIRK,4,16,INWSTLESDNRLNDLI,-2,-0.19125,0.17762686902410563,0.11040788649417262,0.9379318038832628,-0.49232023564124433,10,6,4,1,0.20411436690183266,1.001875
Unnamed,SFDINWSTLESDNRLNDLIRK,5,16,NWSTLESDNRLNDLIR,-1,-0.34937499999999994,0.21188401156029793,0.1371473812223764,0.9769708266079788,-0.1299814930870788,11,5,5,1,0.24527714271630544,0.98875
Unnamed,SFDINWSTLESDNRLNDLIRK,1,17,SFDINWSTLESDNRLND,-3,-0.27588235294117647,0.13745672839402326,0.16014131008760235,0.9996294820074294,-0.860240848396042,12,5,5,2,0.18260578393286675,0.975294117647059
Unnamed,SFDINWSTLESDNRLNDLIRK,2,17,FDINWSTLESDNRLNDL,-3,-0.22941176470588232,0.14650797014640982,0.16014131008760224,0.9817465002535903,-0.8516964761817891,11,6,5,2,0.1911501561471196,1.0076470588235293
Unnamed,SFDINWSTLESDNRLNDLIRK,3,17,DINWSTLESDNRLNDLI,-3,-0.22235294117647053,0.20081531590345186,0.16014131008760227,0.940171074018072,-0.8004303417871415,11,6,5,1,0.24241629054176728,1.0005882352941178
Unnamed,SFDINWSTLESDNRLNDLIRK,4,17,INWSTLESDNRLNDLIR,-1,-0.2858823529411765,0.24026308101483296,0.12907988820929564,0.9622593869335346,-0.10319165152199772,11,6,5,1,0.26940471158706986,0.9894117647058823
Unnamed,SFDINWSTLESDNRLNDLIRK,5,17,NWSTLESDNRLNDLIRK,0,-0.39352941176470585,0.23828891552707845,0.17408952955745224,0.9735570634549433,0.22494473625756206,12,5,6,1,0.2823942810115213,0.9935294117647059
Unnamed,SFDINWSTLESDNRLNDLIRK,1,18,SFDINWSTLESDNRLNDL,-3,-0.23111111111111113,0.12397661316630439,0.1512445706382911,0.979917911943302,-0.8729660771710086,12,6,5,2,0.1669446311396274,0.9955555555555556
Unnamed,SFDINWSTLESDNRLNDLIRK,2,18,FDINWSTLESDNRLNDLI,-3,-0.17611111111111108,0.17882220767383683,0.151244570638291,0.9850578585795775,-0.8211918359558981,11,7,5,2,0.21871887235473797,1.0072222222222222
Unnamed,SFDINWSTLESDNRLNDLIRK,3,18,DINWSTLESDNRLNDLIR,-2,-0.30999999999999994,0.2472698279689305,0.16441788902648263,0.927384794031,-0.42657728239732967,12,6,6,1,0.2876806209814096,0.9888888888888889
Unnamed,SFDINWSTLESDNRLNDLIRK,4,18,INWSTLESDNRLNDLIRK,0,-0.33111111111111113,0.25985870138467104,0.16441788902648288,0.9503095212014525,0.24530661410712945,12,6,6,1,0.2995645174858688,0.9938888888888889
Unnamed,SFDINWSTLESDNRLNDLIRK,1,19,SFDINWSTLESDNRLNDLI,-3,-0.1805263157894737,0.15575525580904315,0.14328433007838107,0.9840997877083332,-0.8429670385162633,12,7,5,2,0.19431679040960248,0.9957894736842107
Unnamed,SFDINWSTLESDNRLNDLIRK,2,19,FDINWSTLESDNRLNDLIR,-2,-0.261578947368421,0.21262347757352232,0.1557643159198256,0.9618562668010213,-0.45928343717059494,12,7,6,2,0.2521187870829475,0.9957894736842104
Unnamed,SFDINWSTLESDNRLNDLIRK,3,19,DINWSTLESDNRLNDLIRK,-1,-0.35157894736842105,0.271396374026899,0.20180853695467804,0.9390309185280327,-0.07380182291860737,13,6,7,1,0.32279499427643643,0.9931578947368421
Unnamed,SFDINWSTLESDNRLNDLIRK,1,20,SFDINWSTLESDNRLNDLIR,-2,-0.2615,0.19075443276885545,0.14797610012383433,0.9522167812970235,-0.4799278154662005,13,7,6,2,0.22890429757466485,0.9855
Unnamed,SFDINWSTLESDNRLNDLIRK,2,20,FDINWSTLESDNRLNDLIRK,-1,-0.3035,0.24152162446000386,0.19171811010694417,0.969489671223077,-0.10200358650975638,13,7,7,2,0.29126338982553523,0.9994999999999999
Unnamed,SFDINWSTLESDNRLNDLIRK,1,21,SFDINWSTLESDNRLNDLIRK,-1,-0.30142857142857143,0.21837432237789878,0.18258867629232783,0.9647241873570386,-0.12385463967526358,14,7,7,2,0.2663996235012046,0.9895238095238096
Unnamed,SFDINWSTLESDNRLNDLIRK,1,22,SFDINWSTLESDNRLNDLIRK,-1,-0.30142857142857143,0.21837432237789878,0.18258867629232783,0.9647241873570386,-0.12385463967526358,14,7,7,2,0.2663996235012046,0.9895238095238096
Unnamed,SFDINWSTLESDNRLNDLIRK,1,23,SFDINWSTLESDNRLNDLIRK,-1,-0.30142857142857143,0.21837432237789878,0.18258867629232783,0.9647241873570386,-0.12385463967526358,14,7,7,2,0.2663996235012046,0.9895238095238096
Unnamed,SFDINWSTLESDNRLNDLIRK,1,24,SFDINWSTLESDNRLNDLIRK,-1,-0.30142857142857143,0.21837432237789878,0.18258867629232783,0.9647241873570386,-0.12385463967526358,14,7,7,2,0.2663996235012046,0.9895238095238096
Unnamed,SFDINWSTLESDNRLNDLIRK,1,25,SFDINWSTLESDNRLNDLIRK,-1,-0.30142857142857143,0.21837432237789878,0.18258867629232783,0.9647241873570386,-0.12385463967526358,14,7,7,2,0.2663996235012046,0.9895238095238096
Unnamed,SFDINWSTLESDNRLNDLIRK,1,26,SFDINWSTLESDNRLNDLIRK,-1,-0.30142857142857143,0.21837432237789878,0.18258867629232783,0.9647241873570386,-0.12385463967526358,14,7,7,2,0.2663996235012046,0.9895238095238096
Unnamed,SFDINWSTLESDNRLNDLIRK,1,27,SFDINWSTLESDNRLNDLIRK,-1,-0.30142857142857143,0.21837432237789878,0.18258867629232783,0.9647241873570386,-0.12385463967526358,14,7,7,2,0.2663996235012046,0.9895238095238096
Unnamed,SFDINWSTLESDNRLNDLIRK,1,28,SFDINWSTLESDNRLNDLIRK,-1,-0.30142857142857143,0.21837432237789878,0.18258867629232783,0.9647241873570386,-0.12385463967526358,14,7,7,2,0.2663996235012046,0.9895238095238096
Unnamed,SFDINWSTLESDNRLNDLIRK,1,29,SFDINWSTLESDNRLNDLIRK,-1,-0.30142857142857143,0.21837432237789878,0.18258867629232783,0.9647241873570386,-0.12385463967526358,14,7,7,2,0.2663996235012046,0.9895238095238096
